composite_depth_cm.x,min,max,median,mean
1,-70,151,-16,0
1.5,-65,155,-10,7
2,-63,162,-3,13
2.5,-61,167,5,19
3,-59,174,12,25
3.5,-57,182,19,31
4,-55,193,26,37
4.5,-54,204,32,43
5,-53,212,39,49
5.5,-51,226,45,55
6,-50,238,51,62
6.5,-44,244,57,67
7,-39,248,63,73
7.5,-36,253,68,79
8,-33,259,76,85
8.5,-31,264,82,91
9.5,-25,273,94,102
10,-23,282,99,108
10.5,-21,292,105,114
11,-18,304,111,120
11.5,-12,308,117,125
12,-5,313,123,131
12.5,0,319,130,137
13,3,326,136,143
13.5,9,332,142,148
14,12,340,147,154
14.5,16,345,153,160
15,20,351,159,166
15.5,21,363,165,171
16,24,374,169,177
16.5,31,379,177,183
17,33,383,183,189
17.5,40,386,190,195
18,44,390,196,201
18.5,48,398,201,206
19,51,408,206,212
19.5,54,417,212,218
20,58,427,218,224
20.5,61,436,224,230
21,65,449,230,236
21.5,71,452,235,241
22,75,457,239,246
22.5,80,461,244,251
23,86,467,249,256
23.5,89,474,255,261
24,91,479,259,267
24.5,94,484,265,272
25,98,489,270,277
25.5,100,495,275,282
26,103,503,281,287
26.5,111,509,286,293
27,122,516,292,299
27.5,131,523,298,306
28,133,531,304,312
28.5,138,539,311,318
29,143,548,318,324
29.5,148,555,323,330
30,153,564,330,336
30.5,156,570,337,342
31,160,581,344,349
31.5,165,583,349,354
32,170,588,356,360
32.5,174,596,362,366
33,177,600,369,372
33.5,179,604,374,378
34,183,610,381,383
34.5,185,619,385,389
35,186,628,391,395
35.5,189,634,398,401
36,191,642,404,407
36.5,202,648,409,413
37,211,655,415,419
37.5,220,663,421,425
38,226,669,427,431
38.5,234,673,433,437
39,240,678,439,443
39.5,242,688,445,449
40,246,694,451,455
40.5,251,701,457,461
41,255,709,463,467
42,269,716,473,478
42.5,273,718,478,483
43,278,722,485,489
43.5,283,729,490,495
44,287,736,496,500
44.5,291,743,503,506
45,295,750,508,511
45.5,297,754,514,517
46,300,759,520,522
46.5,304,763,525,528
47,311,768,531,534
47.5,318,771,537,539
48,322,778,543,545
48.5,328,782,549,551
49,332,788,554,556
49.5,337,794,560,562
50,342,800,566,568
50.5,347,806,572,573
51,352,813,577,579
51.5,360,817,583,585
52,365,819,589,591
52.5,370,823,595,596
53,377,828,601,602
53.5,383,835,608,608
54,387,839,615,614
54.5,391,843,621,619
55,397,848,628,625
55.5,399,853,633,631
56,403,859,640,636
56.5,413,863,646,642
57,420,867,651,648
57.5,428,871,656,653
58,434,875,662,659
58.5,441,880,667,665
59,447,884,673,670
59.5,453,891,678,676
60,458,896,684,682
60.5,463,905,689,687
61,467,914,694,693
61.5,472,919,701,699
62,478,921,706,704
62.5,483,924,711,710
63,490,930,718,716
63.5,497,933,724,722
64,500,941,730,727
64.5,506,945,736,733
65,511,952,743,739
65.5,515,962,749,745
66,517,968,755,750
66.5,527,973,761,756
67,537,976,767,762
67.5,545,980,773,767
68,554,983,779,773
68.5,560,987,784,778
69,566,991,789,784
69.5,571,994,794,789
70,575,1000,800,795
70.5,580,1006,805,801
71,584,1011,811,806
71.5,593,1014,816,812
72,601,1017,822,817
72.5,610,1022,827,823
73,618,1028,832,828
73.5,626,1034,837,834
74,631,1040,843,839
74.5,636,1044,848,845
75,639,1051,854,850
75.5,641,1055,859,856
76,645,1062,864,861
76.5,655,1065,870,867
77,665,1069,875,872
77.5,673,1073,881,878
78,682,1078,887,883
78.5,692,1081,892,889
79,698,1086,899,895
79.5,703,1090,905,900
80,710,1095,910,906
80.5,715,1100,916,911
81,718,1106,922,917
81.5,726,1108,927,922
82,735,1111,932,928
82.5,742,1115,938,933
83,750,1118,943,938
83.5,757,1122,948,944
84,763,1129,953,949
84.5,768,1135,958,955
85,773,1140,963,960
85.1,773,1141,964,961
85.6,777,1148,970,967
86.1,783,1154,975,972
86.6,794,1156,979,978
87.1,804,1159,985,983
87.6,813,1164,990,989
88.1,824,1167,995,995
88.6,831,1172,1001,1001
89.1,839,1175,1008,1006
89.6,845,1179,1014,1012
90.1,849,1183,1020,1018
90.6,855,1188,1026,1023
91.1,861,1193,1031,1029
91.6,870,1197,1037,1034
92.1,880,1199,1041,1039
92.6,888,1201,1046,1045
93.1,893,1203,1051,1050
93.6,900,1205,1055,1055
94.1,905,1210,1060,1060
94.6,911,1214,1065,1065
95.1,919,1219,1070,1071
95.6,924,1224,1075,1076
96.1,929,1229,1080,1081
96.6,942,1231,1084,1087
97.1,955,1234,1090,1092
97.6,964,1237,1095,1098
98.1,969,1239,1101,1103
98.6,976,1243,1106,1109
99.1,983,1249,1112,1114
99.6,992,1252,1118,1120
100.1,996,1257,1123,1125
100.6,1000,1263,1128,1131
101.1,1005,1269,1134,1137
101.6,1011,1277,1140,1143
102.1,1017,1285,1147,1149
102.6,1020,1293,1153,1155
103.1,1024,1303,1158,1161
103.6,1027,1313,1164,1168
104.1,1032,1322,1169,1174
104.6,1034,1336,1174,1180
105.1,1036,1349,1179,1186
105.6,1039,1360,1184,1193
106.1,1043,1375,1190,1199
106.6,1050,1383,1195,1204
107.1,1055,1390,1201,1210
107.6,1063,1397,1207,1215
108.1,1068,1405,1213,1221
108.6,1073,1411,1219,1226
109.1,1077,1420,1225,1232
109.6,1081,1425,1231,1238
110.1,1086,1432,1236,1243
110.6,1090,1442,1242,1249
111.1,1095,1450,1246,1254
111.6,1099,1456,1253,1260
112.1,1105,1464,1258,1265
112.6,1110,1469,1264,1271
113.1,1116,1476,1269,1276
113.6,1119,1483,1276,1282
114.1,1123,1490,1281,1287
114.6,1126,1495,1287,1293
115.1,1130,1504,1292,1298
115.6,1131,1512,1298,1304
116.1,1136,1520,1304,1309
116.6,1142,1528,1310,1316
117.1,1147,1532,1316,1322
117.6,1152,1538,1322,1328
118.1,1157,1544,1329,1334
118.6,1159,1550,1335,1341
119.1,1162,1556,1341,1347
119.6,1165,1565,1348,1353
120.1,1169,1574,1355,1359
120.6,1174,1581,1361,1366
121.1,1179,1587,1367,1372
121.6,1187,1591,1372,1377
122.1,1193,1598,1378,1383
122.6,1198,1605,1384,1388
123.1,1203,1610,1389,1394
123.6,1210,1615,1394,1399
124.1,1213,1621,1399,1404
124.6,1217,1626,1404,1410
125.1,1221,1632,1409,1415
125.6,1225,1638,1414,1421
126.1,1228,1645,1420,1426
126.6,1236,1651,1426,1432
127.1,1239,1657,1432,1438
127.6,1245,1662,1438,1444
128.1,1249,1668,1444,1450
128.6,1252,1674,1451,1455
129.1,1259,1680,1457,1461
129.6,1261,1687,1463,1467
130.1,1264,1696,1469,1473
130.6,1267,1702,1475,1479
131.1,1270,1711,1481,1485
131.6,1276,1716,1488,1491
132.1,1280,1721,1493,1497
132.6,1288,1727,1499,1503
133.1,1293,1733,1505,1509
133.6,1297,1739,1511,1515
134.1,1302,1751,1517,1521
134.6,1304,1756,1523,1527
135.1,1308,1762,1528,1533
135.6,1311,1769,1534,1539
136.1,1315,1776,1539,1545
136.6,1319,1786,1546,1551
137.1,1329,1794,1553,1557
137.6,1339,1802,1559,1563
138.1,1346,1808,1566,1569
138.6,1351,1816,1572,1576
139.1,1357,1821,1578,1582
139.6,1362,1828,1583,1588
140.1,1366,1832,1589,1594
140.6,1371,1840,1596,1600
141.1,1375,1849,1601,1606
141.6,1383,1854,1607,1612
142.1,1391,1858,1614,1618
142.6,1397,1863,1621,1624
143.1,1403,1871,1628,1630
143.6,1408,1875,1635,1636
144.1,1413,1881,1642,1642
144.6,1416,1886,1650,1648
145.1,1421,1893,1656,1654
145.6,1423,1902,1663,1661
146.1,1427,1908,1668,1667
146.6,1436,1913,1675,1674
147.1,1444,1918,1682,1680
147.6,1452,1922,1688,1687
148.1,1461,1929,1695,1694
148.6,1466,1935,1702,1701
149.1,1471,1942,1708,1708
149.6,1476,1949,1715,1714
150.1,1480,1957,1720,1721
150.6,1485,1968,1727,1728
151.1,1488,1978,1734,1735
151.6,1494,1981,1740,1741
152.1,1499,1987,1747,1747
152.6,1505,1993,1753,1753
153.1,1511,1996,1759,1759
153.6,1517,2004,1765,1765
154.1,1524,2011,1770,1772
154.6,1531,2019,1777,1778
155.1,1538,2026,1783,1784
155.6,1544,2034,1789,1790
156.1,1548,2039,1796,1796
156.6,1556,2044,1802,1802
157.1,1564,2050,1808,1809
157.6,1573,2054,1814,1815
158.1,1580,2060,1820,1821
158.6,1587,2068,1827,1827
159.1,1596,2072,1834,1833
159.6,1600,2076,1839,1840
160.1,1603,2081,1846,1846
160.6,1606,2090,1853,1852
161.1,1613,2098,1858,1858
161.6,1620,2101,1865,1864
162.1,1630,2106,1870,1870
162.6,1638,2111,1877,1876
163.1,1643,2116,1883,1882
163.6,1650,2122,1890,1888
164.1,1655,2128,1896,1894
164.6,1659,2132,1903,1900
165.1,1665,2136,1907,1906
165.6,1671,2144,1914,1912
166.1,1676,2151,1921,1918
166.6,1685,2154,1926,1924
167.1,1691,2160,1932,1929
167.6,1697,2167,1937,1935
168.1,1707,2171,1942,1941
168.6,1712,2175,1947,1946
169.1,1715,2180,1953,1952
169.6,1720,2188,1959,1958
170.1,1725,2197,1964,1963
170.6,1727,2203,1970,1969
171.1,1732,2208,1977,1975
171.6,1740,2213,1982,1981
172.1,1747,2216,1989,1987
172.6,1758,2220,1996,1993
173.1,1763,2224,2001,2000
173.6,1773,2229,2008,2006
174.1,1778,2233,2015,2012
174.6,1783,2239,2021,2018
175.1,1789,2245,2027,2024
175.6,1797,2251,2033,2030
176.1,1803,2259,2039,2036
176.6,1812,2262,2045,2042
177.1,1818,2265,2050,2048
177.6,1827,2269,2056,2053
178.1,1837,2272,2061,2059
178.6,1843,2279,2067,2064
179.1,1849,2286,2073,2070
179.6,1855,2291,2078,2075
180.1,1860,2297,2083,2081
180.6,1867,2302,2090,2087
181.1,1872,2310,2096,2092
181.6,1880,2314,2102,2098
182.1,1884,2317,2109,2104
182.6,1891,2322,2115,2110
183.1,1899,2326,2120,2116
183.6,1905,2332,2126,2122
184.1,1911,2336,2132,2128
184.6,1914,2341,2137,2134
185.1,1920,2345,2144,2140
185.6,1924,2351,2150,2146
186.1,1930,2358,2156,2152
186.6,1941,2361,2161,2158
187.1,1952,2365,2168,2164
187.6,1961,2368,2173,2170
188.1,1966,2372,2180,2176
188.6,1971,2374,2186,2182
189.1,1977,2380,2192,2188
189.6,1983,2387,2197,2194
190.1,1988,2393,2203,2199
190.6,1994,2398,2210,2205
191.1,2000,2404,2216,2211
191.6,2009,2409,2222,2217
192.1,2020,2416,2228,2224
192.6,2027,2422,2233,2230
193.1,2036,2432,2239,2236
193.6,2046,2437,2246,2242
194.1,2053,2439,2252,2248
194.6,2059,2446,2258,2255
195.1,2065,2453,2265,2261
195.6,2070,2458,2271,2267
196.1,2081,2463,2276,2273
196.6,2095,2466,2282,2279
197.1,2105,2471,2289,2286
197.6,2114,2475,2294,2292
198.1,2123,2479,2300,2298
198.6,2132,2484,2306,2304
199.1,2139,2488,2311,2310
199.6,2146,2495,2316,2317
200.1,2154,2501,2321,2323
200.6,2159,2511,2328,2329
201.1,2167,2522,2334,2335
201.6,2186,2526,2338,2341
202.1,2202,2529,2343,2347
202.6,2218,2534,2347,2353
203.1,2233,2541,2352,2359
203.6,2250,2546,2358,2366
204.1,2263,2551,2363,2372
204.6,2275,2559,2369,2378
205.1,2284,2566,2374,2384
205.6,2290,2574,2380,2390
206.1,2299,2582,2387,2396
206.6,2311,2586,2390,2401
207.1,2320,2588,2395,2406
207.6,2330,2593,2400,2410
208.1,2340,2597,2405,2415
208.6,2344,2603,2410,2420
209.1,2346,2607,2416,2425
209.6,2348,2610,2421,2430
210.1,2350,2614,2426,2435
210.6,2353,2618,2431,2440
211.1,2356,2621,2436,2445
211.6,2361,2625,2441,2450
212.1,2363,2628,2446,2454
212.6,2365,2631,2452,2459
213.1,2368,2636,2457,2464
213.6,2370,2641,2462,2469
214.1,2371,2648,2467,2474
214.6,2373,2652,2471,2479
215.1,2374,2659,2477,2483
215.6,2376,2665,2481,2488
216.1,2378,2672,2485,2493
216.6,2383,2677,2491,2498
217.6,2392,2692,2499,2508
218.1,2394,2696,2503,2513
218.6,2398,2698,2509,2518
219.1,2400,2703,2513,2523
219.6,2402,2710,2518,2528
220.1,2405,2716,2522,2533
220.6,2407,2723,2528,2538
221.1,2410,2730,2533,2543
221.6,2415,2733,2538,2547
222.1,2419,2738,2542,2552
222.6,2423,2743,2547,2557
223.1,2426,2747,2552,2562
223.6,2429,2753,2559,2567
224.1,2432,2757,2563,2571
224.6,2436,2763,2568,2576
225.1,2439,2767,2573,2581
225.6,2443,2771,2578,2586
226.1,2446,2777,2582,2591
226.6,2451,2781,2588,2596
227.1,2456,2786,2593,2600
227.6,2461,2792,2598,2605
228.1,2464,2796,2603,2610
228.6,2468,2800,2608,2615
229.1,2472,2805,2614,2620
229.6,2475,2809,2618,2625
230.1,2478,2816,2623,2630
230.6,2481,2823,2628,2635
231.1,2485,2829,2633,2640
231.6,2489,2832,2637,2645
232.1,2494,2836,2641,2650
232.6,2498,2841,2646,2655
233.1,2504,2847,2652,2660
233.6,2508,2853,2657,2665
234.1,2513,2857,2663,2670
235.1,2519,2870,2674,2679
235.6,2522,2874,2678,2684
236.1,2525,2879,2683,2690
236.6,2535,2884,2688,2695
237.1,2540,2888,2693,2700
237.6,2546,2892,2699,2706
238.1,2551,2897,2705,2711
238.6,2554,2903,2712,2717
239.1,2558,2910,2718,2722
239.6,2563,2915,2724,2728
240.1,2566,2922,2729,2733
240.6,2568,2930,2735,2738
241.1,2571,2935,2741,2744
241.6,2576,2938,2746,2749
242.1,2583,2940,2750,2753
242.6,2587,2944,2756,2758
243.1,2592,2950,2760,2763
243.6,2595,2956,2765,2768
244.1,2597,2960,2770,2773
244.6,2600,2965,2775,2778
245.1,2603,2970,2780,2783
245.6,2606,2977,2785,2787
246.1,2609,2983,2790,2792
246.6,2616,2986,2795,2797
247.1,2621,2991,2800,2802
247.6,2625,2996,2806,2807
248.1,2629,3002,2811,2812
248.6,2634,3007,2816,2817
249.1,2636,3014,2821,2822
249.6,2642,3021,2826,2827
250.1,2645,3028,2831,2832
250.6,2649,3038,2836,2837
251.1,2655,3045,2841,2842
251.6,2662,3047,2846,2846
252.1,2666,3050,2851,2851
252.6,2670,3054,2856,2856
253.1,2674,3056,2860,2861
253.6,2677,3060,2865,2866
254.1,2679,3064,2871,2871
254.6,2685,3068,2875,2876
255.1,2689,3075,2880,2881
255.6,2692,3081,2885,2885
256.1,2696,3086,2890,2890
256.6,2703,3090,2894,2895
257.1,2709,3094,2898,2900
257.6,2713,3096,2903,2905
258.1,2720,3102,2908,2909
258.6,2726,3106,2913,2914
259.1,2730,3109,2919,2919
259.6,2734,3112,2923,2924
260.1,2738,3117,2928,2928
260.6,2741,3123,2932,2933
261.1,2745,3127,2937,2938
261.6,2751,3130,2943,2943
262.1,2757,3134,2948,2948
262.6,2762,3138,2953,2954
263.1,2769,3141,2959,2959
263.6,2773,3146,2965,2964
264.1,2778,3150,2970,2969
264.6,2785,3155,2975,2975
265.1,2788,3161,2981,2980
265.6,2792,3167,2986,2985
266.1,2796,3174,2991,2990
266.6,2803,3177,2996,2995
267.1,2810,3179,3001,3000
267.6,2815,3184,3006,3005
268.1,2821,3189,3012,3010
268.6,2827,3193,3017,3015
269.1,2831,3195,3022,3020
269.6,2835,3201,3027,3025
270.1,2838,3207,3032,3029
270.6,2842,3211,3038,3034
271.1,2845,3218,3043,3039
271.6,2851,3220,3048,3044
272.1,2857,3223,3053,3049
272.6,2864,3226,3058,3054
273.1,2872,3229,3063,3059
273.6,2878,3233,3068,3064
274.1,2882,3237,3073,3069
274.6,2887,3240,3078,3073
275.6,2895,3249,3087,3083
276.1,2902,3254,3092,3088
276.6,2905,3258,3097,3093
277.1,2910,3260,3102,3097
277.6,2916,3263,3106,3102
278.1,2923,3266,3111,3106
278.6,2928,3268,3116,3111
279.1,2935,3273,3120,3116
279.6,2937,3279,3126,3120
280.1,2940,3282,3130,3125
280.6,2944,3286,3136,3129
281.1,2949,3291,3141,3134
281.6,2958,3294,3145,3139
282.1,2964,3297,3149,3143
282.6,2971,3299,3153,3148
283.1,2977,3302,3158,3152
283.6,2985,3307,3163,3157
284.1,2990,3311,3166,3162
284.6,2996,3316,3171,3166
285.1,3001,3320,3175,3171
285.6,3004,3324,3180,3176
286.1,3009,3328,3184,3180
286.6,3019,3330,3188,3185
287.1,3027,3332,3192,3190
287.6,3031,3334,3196,3194
288.1,3035,3336,3201,3199
288.6,3041,3339,3205,3204
289.1,3048,3344,3210,3209
289.6,3054,3348,3214,3214
290.1,3059,3352,3220,3218
290.6,3062,3357,3225,3223
291.1,3066,3360,3230,3228
291.6,3074,3363,3234,3233
292.1,3080,3365,3239,3238
292.6,3087,3369,3244,3243
293.1,3093,3371,3249,3248
293.6,3101,3376,3254,3252
294.1,3108,3380,3260,3257
294.6,3116,3384,3264,3262
295.1,3121,3386,3269,3267
295.6,3126,3391,3274,3272
296.1,3130,3395,3278,3277
296.6,3140,3398,3284,3282
297.1,3149,3402,3290,3287
297.6,3156,3405,3296,3292
298.1,3166,3410,3303,3297
298.6,3172,3413,3310,3302
299.1,3179,3418,3317,3307
299.6,3185,3423,3324,3312
300.1,3192,3426,3330,3317
300.6,3196,3431,3336,3322
301.1,3199,3436,3341,3327
301.6,3203,3438,3344,3331
302.1,3209,3441,3348,3334
302.6,3213,3445,3351,3338
303.1,3219,3448,3354,3342
303.6,3223,3452,3357,3346
304.1,3225,3457,3360,3350
304.6,3227,3464,3363,3354
305.1,3229,3471,3367,3357
305.6,3232,3477,3370,3361
306.1,3235,3482,3373,3365
306.6,3238,3486,3377,3369
307.1,3243,3490,3380,3373
307.6,3245,3494,3384,3377
308.1,3249,3498,3387,3381
308.6,3253,3504,3391,3385
309.1,3255,3510,3394,3389
309.6,3257,3516,3398,3393
310.1,3262,3523,3401,3397
310.6,3265,3531,3405,3401
311.1,3268,3538,3409,3405
311.6,3272,3542,3412,3409
312.1,3275,3546,3416,3413
312.6,3281,3550,3420,3417
313.1,3285,3555,3424,3421
313.6,3288,3560,3428,3426
314.1,3291,3565,3432,3430
314.6,3295,3572,3436,3434
315.1,3297,3580,3441,3438
315.6,3297,3586,3445,3442
316.1,3300,3594,3448,3447
316.6,3307,3598,3453,3451
317.1,3310,3602,3457,3455
317.6,3314,3606,3460,3459
318.1,3316,3610,3465,3463
318.6,3319,3614,3468,3467
319.1,3324,3617,3472,3471
319.6,3328,3622,3476,3475
320.1,3330,3630,3480,3479
320.6,3332,3638,3484,3483
321.1,3335,3643,3488,3487
321.6,3339,3647,3492,3491
322.1,3343,3652,3495,3495
322.6,3349,3655,3499,3499
323.1,3351,3658,3503,3503
323.6,3355,3663,3506,3507
324.1,3358,3669,3510,3511
324.6,3361,3675,3514,3515
325.1,3364,3681,3518,3519
325.6,3365,3689,3522,3522
326.1,3369,3694,3526,3526
326.6,3371,3697,3529,3530
327.1,3375,3699,3533,3534
327.6,3379,3702,3535,3538
328.1,3384,3704,3540,3542
328.6,3386,3708,3544,3546
329.1,3388,3711,3548,3550
329.6,3390,3715,3553,3554
330.1,3393,3719,3556,3558
330.6,3397,3725,3561,3561
331.1,3400,3731,3565,3565
331.6,3404,3735,3569,3569
332.1,3408,3738,3573,3573
332.6,3411,3743,3577,3577
333.1,3415,3746,3580,3581
333.6,3419,3750,3584,3585
334.1,3421,3757,3588,3589
334.6,3423,3761,3593,3593
335.1,3427,3767,3597,3597
335.6,3431,3771,3602,3600
336.1,3433,3776,3605,3604
336.6,3438,3779,3609,3609
337.1,3442,3782,3613,3613
337.6,3446,3785,3618,3617
338.1,3449,3791,3622,3621
338.6,3454,3797,3626,3625
339.1,3456,3800,3631,3630
339.6,3459,3807,3634,3634
340.1,3464,3813,3637,3638
340.6,3468,3817,3641,3642
341.1,3471,3824,3645,3646
341.6,3477,3829,3650,3650
342.1,3482,3836,3654,3654
342.6,3487,3840,3657,3658
343.1,3491,3845,3661,3663
343.6,3496,3849,3665,3667
344.1,3501,3855,3670,3671
344.5,3505,3858,3674,3674
345,3509,3864,3678,3678
345.5,3512,3868,3681,3682
346,3516,3873,3684,3686
346.5,3521,3877,3689,3690
347,3525,3880,3693,3694
347.5,3530,3885,3698,3698
348,3536,3888,3702,3702
348.5,3540,3891,3706,3706
349,3543,3896,3710,3710
349.5,3546,3900,3714,3715
350,3550,3901,3719,3719
350.5,3553,3905,3724,3723
351,3556,3912,3728,3727
351.5,3561,3916,3732,3731
352,3566,3918,3735,3735
352.5,3569,3920,3739,3739
353,3572,3924,3744,3743
353.5,3576,3929,3747,3747
354,3579,3932,3751,3751
354.5,3582,3934,3755,3755
355,3586,3937,3759,3759
355.5,3589,3941,3763,3763
356,3591,3944,3767,3767
356.5,3599,3947,3772,3771
357,3604,3949,3776,3775
357.5,3610,3953,3779,3779
358,3614,3956,3784,3783
358.5,3619,3959,3788,3787
359,3624,3963,3791,3791
359.5,3628,3967,3795,3794
360,3631,3972,3799,3798
360.5,3634,3977,3802,3802
361,3637,3981,3805,3806
361.5,3641,3984,3809,3810
362,3647,3988,3813,3814
362.5,3650,3991,3818,3818
363,3655,3995,3822,3822
363.5,3659,3998,3826,3826
364,3661,4003,3830,3830
364.5,3666,4006,3833,3834
365,3669,4010,3837,3838
365.6,3672,4020,3842,3843
366.1,3676,4026,3845,3847
366.6,3681,4029,3850,3852
367.1,3685,4032,3854,3856
367.6,3690,4034,3858,3860
368.1,3693,4040,3862,3864
368.6,3696,4044,3866,3868
369.1,3700,4046,3870,3873
369.6,3704,4050,3874,3877
370.1,3708,4053,3878,3881
370.6,3712,4060,3882,3885
371.1,3718,4065,3887,3889
371.6,3724,4070,3891,3893
372.1,3731,4074,3895,3897
372.6,3736,4076,3899,3901
373.1,3739,4078,3903,3905
373.6,3742,4082,3907,3909
374.1,3745,4085,3911,3913
374.6,3748,4090,3915,3917
375.1,3753,4096,3918,3921
375.6,3757,4101,3923,3925
376.1,3762,4106,3927,3929
376.6,3767,4109,3931,3933
377.1,3774,4111,3936,3937
377.6,3780,4113,3940,3941
378.1,3784,4115,3944,3945
378.6,3788,4120,3948,3949
379.1,3794,4124,3952,3953
379.6,3799,4126,3957,3957
380.1,3802,4132,3961,3962
380.6,3804,4138,3965,3966
381.1,3807,4142,3970,3970
381.6,3815,4144,3974,3974
382.1,3820,4148,3978,3978
382.6,3824,4153,3982,3982
383.1,3832,4157,3986,3986
383.6,3837,4160,3990,3990
384.1,3842,4165,3994,3994
384.6,3845,4170,3999,3998
385.1,3848,4173,4002,4003
385.6,3852,4175,4006,4007
386.1,3855,4179,4010,4011
386.6,3862,4181,4014,4015
387.1,3867,4184,4018,4019
387.6,3874,4184,4022,4023
388.1,3878,4186,4026,4027
388.6,3884,4190,4031,4031
389.1,3889,4194,4035,4035
389.6,3891,4197,4039,4039
390.1,3895,4200,4043,4043
390.6,3898,4202,4047,4048
391.1,3902,4207,4051,4052
391.6,3908,4209,4056,4056
392.1,3916,4211,4060,4060
392.6,3923,4212,4064,4064
393.1,3931,4215,4067,4069
393.6,3938,4218,4071,4073
394.1,3944,4222,4075,4077
394.6,3951,4226,4080,4081
395.1,3955,4232,4084,4086
395.6,3960,4236,4089,4090
396.1,3964,4242,4093,4094
396.6,3970,4244,4098,4099
397.1,3976,4249,4103,4103
397.6,3982,4254,4109,4108
398.1,3988,4259,4114,4112
398.6,3993,4264,4119,4117
399.1,3995,4269,4123,4121
399.6,3997,4273,4126,4126
400.1,4001,4280,4131,4130
400.6,4004,4286,4134,4135
401.6,4012,4297,4143,4144
402.1,4017,4302,4148,4149
402.6,4021,4306,4152,4154
403.1,4023,4312,4157,4158
403.6,4026,4318,4161,4163
404.1,4030,4327,4165,4168
404.6,4033,4336,4169,4173
405.1,4037,4346,4173,4178
405.6,4039,4355,4177,4182
406.1,4041,4363,4182,4187
406.6,4047,4366,4186,4192
407.1,4051,4371,4191,4197
407.6,4054,4375,4197,4202
408.1,4059,4380,4202,4207
408.6,4063,4386,4207,4212
409.1,4065,4391,4212,4217
409.6,4069,4398,4217,4222
410.1,4072,4403,4221,4227
410.6,4075,4413,4226,4232
411.1,4079,4420,4231,4237
411.6,4085,4423,4236,4242
412.1,4091,4426,4241,4247
412.6,4095,4432,4247,4252
413.1,4100,4437,4252,4257
413.6,4103,4444,4257,4261
414.1,4106,4452,4261,4266
414.6,4109,4458,4267,4271
415.1,4111,4466,4272,4276
415.6,4114,4473,4276,4281
416.1,4118,4478,4281,4285
416.6,4125,4483,4286,4290
417.1,4130,4488,4292,4295
417.6,4134,4494,4296,4300
418.1,4139,4497,4300,4304
419.1,4148,4509,4310,4314
419.6,4150,4511,4315,4318
420.1,4156,4516,4320,4323
420.6,4161,4524,4325,4328
421.1,4164,4529,4330,4332
421.6,4168,4531,4335,4337
422.1,4173,4536,4340,4341
422.6,4176,4540,4344,4346
423.1,4180,4545,4348,4350
423.6,4182,4550,4353,4355
424.1,4185,4556,4357,4359
424.6,4188,4558,4362,4364
425.1,4189,4565,4367,4368
425.6,4194,4571,4371,4373
426.1,4198,4578,4376,4377
426.6,4204,4580,4382,4382
427.1,4210,4585,4387,4387
427.6,4216,4591,4392,4392
428.1,4221,4596,4397,4397
428.6,4225,4600,4402,4402
429.1,4228,4605,4407,4407
429.6,4231,4608,4413,4413
430.1,4236,4615,4417,4418
430.6,4239,4624,4422,4423
431.1,4242,4631,4427,4428
431.6,4246,4634,4431,4432
432.1,4251,4640,4436,4437
432.6,4256,4644,4440,4442
433.1,4259,4649,4444,4446
433.6,4262,4653,4450,4451
434.1,4266,4660,4455,4456
434.6,4272,4666,4458,4460
435.1,4276,4672,4463,4465
435.6,4279,4677,4467,4470
436.1,4283,4681,4471,4474
436.6,4287,4686,4476,4479
437.1,4293,4688,4480,4484
437.6,4296,4692,4485,4488
438.1,4301,4695,4490,4493
438.6,4304,4697,4495,4498
439.1,4309,4702,4500,4502
439.6,4314,4708,4506,4507
440.1,4318,4713,4511,4512
440.6,4322,4719,4516,4517
441.1,4327,4723,4521,4521
441.6,4335,4727,4525,4526
442.1,4342,4733,4530,4531
442.6,4347,4737,4534,4535
443.1,4351,4741,4540,4540
443.6,4356,4744,4545,4545
444.1,4361,4748,4549,4550
444.6,4365,4752,4553,4554
445.1,4368,4755,4558,4559
445.6,4371,4761,4563,4564
446.1,4374,4765,4567,4568
446.6,4379,4768,4572,4573
447.1,4384,4772,4576,4578
447.6,4389,4775,4581,4582
448.1,4392,4779,4586,4587
448.6,4398,4782,4591,4591
449.1,4402,4786,4596,4596
449.6,4407,4790,4600,4601
450.1,4411,4795,4605,4605
450.5,4413,4799,4609,4609
451,4416,4803,4613,4613
451.5,4423,4806,4618,4618
452,4430,4809,4622,4623
452.5,4438,4815,4627,4628
453,4445,4817,4633,4633
453.5,4449,4824,4638,4638
454,4452,4828,4644,4643
454.5,4456,4833,4649,4648
455,4460,4838,4654,4653
455.5,4464,4844,4659,4658
456,4468,4848,4663,4663
456.5,4474,4852,4668,4668
457,4481,4856,4673,4672
457.5,4487,4860,4678,4677
458,4490,4864,4682,4682
458.5,4493,4867,4688,4686
459,4498,4872,4693,4691
459.5,4500,4877,4697,4696
460,4504,4881,4702,4701
460.5,4508,4886,4707,4705
461,4510,4893,4712,4710
461.5,4515,4896,4717,4715
462,4523,4901,4722,4719
462.5,4529,4904,4727,4724
463,4534,4907,4732,4729
463.5,4539,4911,4737,4733
464,4546,4914,4741,4738
464.5,4551,4918,4745,4743
465,4558,4924,4749,4747
465.5,4563,4931,4754,4752
466,4566,4937,4758,4757
466.5,4573,4942,4763,4762
467,4575,4947,4768,4766
467.5,4580,4950,4773,4771
468,4589,4952,4778,4776
468.5,4595,4956,4782,4780
469,4598,4959,4788,4785
469.5,4603,4961,4792,4790
470,4610,4965,4797,4795
470.5,4613,4969,4802,4799
471,4617,4976,4807,4804
471.5,4623,4978,4812,4809
472,4631,4980,4816,4813
472.5,4638,4983,4821,4818
473,4645,4985,4825,4822
473.5,4647,4989,4830,4827
474,4651,4994,4835,4831
474.5,4655,5000,4838,4836
475,4659,5004,4843,4840
475.5,4663,5009,4847,4845
476,4665,5012,4853,4849
476.5,4673,5015,4856,4854
477,4680,5017,4861,4858
477.5,4688,5021,4866,4863
478,4694,5024,4871,4868
478.5,4698,5027,4874,4872
479,4704,5031,4879,4877
479.5,4713,5037,4884,4881
480,4717,5040,4889,4886
480.5,4718,5047,4894,4891
481,4722,5052,4899,4895
481.5,4730,5053,4904,4900
482,4738,5055,4909,4905
482.5,4747,5060,4914,4910
483,4754,5062,4918,4915
483.5,4761,5066,4922,4920
484,4767,5070,4927,4925
484.5,4771,5075,4932,4930
485,4776,5079,4938,4935
485.5,4781,5085,4941,4939
486,4785,5091,4946,4944
486.5,4792,5095,4951,4949
487,4799,5097,4955,4954
487.5,4806,5099,4959,4958
488,4813,5101,4963,4963
488.5,4820,5104,4968,4968
489,4827,5107,4973,4972
489.5,4832,5111,4978,4977
490,4838,5116,4983,4982
490.5,4841,5121,4988,4986
491,4845,5124,4993,4991
491.5,4853,5126,4998,4995
492,4862,5129,5002,5000
492.5,4868,5132,5006,5004
493,4877,5136,5010,5009
493.5,4884,5139,5014,5013
494,4889,5144,5019,5018
494.5,4894,5146,5023,5022
495,4898,5150,5027,5026
495.5,4903,5156,5032,5031
496,4909,5161,5036,5035
496.5,4918,5164,5040,5040
497,4927,5168,5043,5045
497.5,4935,5172,5047,5050
498,4944,5176,5051,5055
498.5,4953,5181,5056,5059
499,4960,5183,5059,5064
499.1,4961,5183,5060,5065
499.6,4969,5187,5064,5070
500.1,4974,5191,5069,5075
500.6,4980,5197,5073,5080
501.1,4985,5202,5078,5084
501.6,4991,5205,5081,5087
502.1,4996,5208,5084,5091
502.6,5000,5213,5088,5094
503.1,5003,5217,5091,5098
503.6,5006,5220,5094,5101
504.1,5009,5225,5096,5105
504.6,5011,5232,5099,5108
505.1,5012,5237,5102,5111
505.6,5015,5241,5105,5115
506.1,5018,5246,5109,5118
506.6,5022,5248,5112,5122
507.1,5025,5252,5116,5125
507.6,5030,5257,5120,5128
508.1,5034,5260,5125,5132
508.6,5038,5265,5129,5135
509.1,5044,5267,5133,5139
509.6,5048,5271,5137,5142
510.1,5052,5275,5141,5146
510.6,5053,5283,5144,5149
511.1,5056,5286,5148,5152
511.6,5059,5289,5151,5156
512.1,5061,5293,5155,5159
512.6,5063,5296,5159,5162
513.1,5066,5299,5162,5166
513.6,5068,5304,5166,5169
514.6,5074,5311,5172,5176
515.1,5076,5314,5175,5179
515.6,5079,5319,5178,5182
516.1,5080,5324,5181,5186
516.6,5084,5326,5184,5189
517.1,5087,5330,5187,5192
517.6,5089,5335,5191,5196
518.1,5091,5339,5194,5199
518.6,5094,5341,5197,5202
519.1,5097,5346,5201,5206
519.6,5099,5350,5205,5209
520.1,5100,5354,5208,5212
520.6,5102,5356,5211,5215
521.1,5104,5361,5215,5219
521.6,5106,5363,5218,5222
522.1,5109,5366,5221,5226
522.6,5112,5369,5225,5229
523.1,5115,5373,5228,5233
523.6,5117,5378,5232,5236
524.1,5118,5382,5236,5240
524.6,5120,5388,5239,5243
525.1,5123,5393,5243,5247
525.6,5124,5398,5246,5250
526.1,5127,5402,5249,5254
526.6,5130,5406,5253,5257
527.1,5132,5409,5256,5260
527.6,5135,5412,5260,5264
528.1,5138,5417,5265,5267
528.6,5142,5423,5268,5271
529.1,5143,5426,5271,5274
529.6,5146,5431,5275,5278
530.1,5149,5433,5278,5281
530.6,5151,5438,5282,5284
531.1,5154,5442,5285,5288
531.6,5157,5444,5289,5291
532.1,5161,5447,5291,5294
532.6,5164,5450,5294,5298
533.1,5167,5453,5297,5301
533.6,5169,5456,5301,5304
534.1,5174,5458,5304,5308
534.6,5176,5462,5309,5311
535.1,5178,5466,5312,5314
535.6,5180,5468,5314,5318
536.1,5183,5472,5318,5321
536.6,5188,5473,5322,5324
537.1,5190,5478,5325,5327
537.6,5193,5481,5328,5331
538.1,5197,5485,5332,5334
538.6,5200,5489,5335,5337
539.1,5203,5494,5339,5340
539.6,5206,5497,5342,5343
540.1,5208,5502,5345,5347
540.6,5210,5505,5348,5350
541.1,5213,5510,5351,5353
541.6,5216,5513,5354,5356
542.1,5220,5517,5358,5360
542.6,5224,5522,5362,5363
543.1,5228,5525,5365,5366
543.6,5231,5530,5369,5370
544.1,5234,5533,5372,5373
544.6,5235,5535,5376,5376
545.1,5238,5540,5379,5379
545.6,5239,5543,5383,5383
546.1,5243,5546,5386,5386
546.6,5246,5549,5389,5389
547.1,5249,5552,5392,5393
547.6,5252,5554,5394,5396
548.1,5255,5555,5398,5399
548.6,5258,5559,5401,5402
549.1,5261,5564,5404,5406
549.6,5264,5569,5408,5409
550.1,5267,5572,5411,5412
550.6,5269,5576,5413,5415
551.1,5272,5579,5417,5419
551.6,5277,5582,5420,5422
552.1,5280,5585,5423,5425
552.6,5284,5587,5426,5429
553.1,5288,5592,5430,5432
553.6,5291,5593,5433,5435
554.1,5293,5596,5437,5439
554.6,5296,5599,5441,5442
555.1,5298,5601,5444,5445
555.6,5300,5606,5448,5449
556.1,5303,5608,5451,5452
556.6,5307,5611,5454,5455
557.1,5311,5614,5457,5458
557.6,5313,5617,5461,5461
558.1,5314,5620,5464,5464
558.6,5317,5622,5466,5467
559.1,5322,5625,5469,5471
559.6,5324,5628,5472,5474
560.1,5328,5631,5475,5477
560.6,5330,5635,5477,5480
561.1,5333,5639,5482,5483
561.6,5337,5641,5485,5486
562.1,5342,5644,5489,5490
562.6,5344,5648,5492,5493
563.1,5348,5650,5497,5497
563.6,5350,5652,5500,5500
564.1,5352,5656,5503,5504
564.6,5355,5661,5506,5507
565.1,5357,5665,5510,5510
565.6,5359,5670,5513,5514
566.1,5362,5675,5516,5517
566.6,5365,5677,5520,5520
567.1,5369,5680,5523,5524
567.6,5373,5682,5527,5527
568.1,5376,5685,5530,5530
568.6,5380,5687,5533,5533
569.1,5384,5691,5537,5536
569.6,5386,5693,5540,5540
570.1,5389,5696,5543,5543
570.6,5391,5699,5546,5546
571.1,5393,5702,5549,5549
571.6,5395,5705,5553,5552
572.1,5400,5707,5557,5556
572.6,5402,5710,5561,5559
573.1,5407,5713,5565,5562
573.6,5409,5715,5567,5566
574.1,5412,5718,5571,5569
574.6,5415,5721,5574,5572
575.1,5417,5725,5577,5576
575.6,5419,5728,5580,5579
576.1,5421,5731,5584,5582
576.6,5426,5734,5587,5586
577.1,5430,5736,5591,5589
577.6,5435,5738,5595,5592
578.1,5441,5742,5598,5596
578.6,5444,5745,5602,5599
579.1,5448,5748,5606,5603
579.6,5450,5750,5610,5606
580.1,5454,5753,5613,5609
580.6,5457,5756,5617,5613
581.1,5460,5759,5620,5616
581.6,5463,5761,5624,5619
582.1,5465,5765,5627,5623
582.6,5469,5767,5631,5626
583.1,5471,5770,5634,5630
583.6,5472,5775,5637,5633
584.1,5475,5777,5641,5636
584.6,5481,5780,5645,5640
585.1,5482,5783,5649,5643
585.6,5484,5786,5651,5646
586.1,5487,5789,5654,5650
586.6,5491,5791,5658,5653
587.1,5494,5793,5661,5656
587.6,5498,5795,5665,5659
588.1,5501,5797,5668,5663
588.6,5504,5800,5672,5666
589.1,5506,5803,5676,5669
589.6,5509,5805,5680,5672
590.1,5511,5809,5684,5675
590.6,5515,5813,5687,5679
591.1,5518,5816,5691,5682
591.6,5523,5817,5694,5685
592.1,5526,5819,5698,5688
592.6,5529,5821,5702,5691
593.1,5531,5823,5706,5695
593.6,5535,5825,5710,5698
594.1,5537,5827,5714,5701
594.6,5539,5830,5717,5704
595.1,5542,5833,5721,5708
595.6,5544,5836,5724,5711
596.1,5547,5840,5728,5714
596.6,5551,5841,5732,5718
597.1,5555,5843,5736,5721
597.6,5559,5846,5740,5725
598.1,5564,5847,5745,5728
598.6,5567,5850,5749,5732
599.1,5569,5851,5753,5735
599.6,5572,5854,5757,5739
600.1,5574,5856,5760,5742
600.6,5577,5860,5764,5746
601.1,5579,5863,5767,5749
601.6,5584,5864,5771,5752
602.1,5591,5864,5776,5756
602.6,5593,5866,5780,5759
603.1,5598,5867,5784,5762
603.6,5602,5870,5788,5765
604.1,5605,5872,5792,5768
604.6,5610,5874,5795,5772
605.1,5613,5876,5799,5775
605.6,5616,5879,5803,5778
606.1,5620,5883,5807,5781
606.6,5624,5884,5810,5785
607.1,5628,5885,5815,5788
607.6,5631,5886,5818,5791
608.1,5633,5887,5821,5795
608.6,5636,5889,5825,5798
609.1,5638,5891,5828,5801
609.6,5642,5893,5831,5805
610.1,5644,5896,5834,5808
610.6,5646,5900,5838,5812
611.1,5650,5904,5842,5815
611.6,5656,5910,5847,5820
612.1,5663,5917,5852,5826
612.6,5671,5923,5856,5831
613.1,5677,5934,5861,5836
613.6,5684,5942,5865,5841
614.1,5688,5953,5869,5847
614.6,5691,5965,5873,5852
615.1,5694,5974,5877,5857
615.6,5698,5986,5881,5862
616.1,5701,5997,5884,5867
616.6,5706,6000,5889,5873
617.1,5712,6005,5893,5878
617.6,5716,6011,5898,5883
618.1,5721,6016,5903,5888
618.6,5724,6021,5907,5893
619.1,5729,6029,5911,5898
619.6,5732,6037,5915,5903
620.1,5735,6045,5919,5908
620.6,5738,6053,5923,5913
621.4,5745,6062,5930,5921
621.9,5753,6065,5935,5926
622.4,5759,6069,5940,5931
622.9,5764,6073,5945,5936
623.4,5769,6076,5949,5941
623.9,5773,6080,5954,5946
624.4,5777,6087,5959,5951
624.9,5781,6092,5964,5956
625.4,5784,6099,5967,5961
625.9,5789,6106,5973,5966
626.4,5797,6109,5978,5972
626.9,5805,6115,5984,5977
627.4,5813,6119,5990,5982
627.9,5818,6122,5995,5988
628.4,5822,6128,6001,5993
628.9,5826,6133,6006,5998
629.4,5829,6137,6011,6004
629.9,5832,6143,6017,6009
630.4,5836,6149,6022,6014
630.9,5839,6156,6028,6020
631.4,5847,6160,6032,6025
631.9,5858,6163,6036,6030
632.4,5865,6165,6041,6035
632.9,5875,6168,6045,6040
633.4,5879,6172,6050,6045
633.9,5885,6177,6055,6050
634.4,5891,6180,6060,6055
634.9,5894,6185,6065,6060
635.4,5898,6192,6071,6065
635.9,5902,6200,6076,6070
636.4,5910,6203,6081,6076
636.9,5918,6206,6087,6081
637.4,5927,6210,6093,6087
637.9,5935,6213,6098,6092
638.4,5942,6220,6105,6098
638.9,5947,6223,6110,6103
639.4,5953,6228,6116,6108
639.9,5959,6233,6122,6114
640.4,5966,6240,6127,6119
640.9,5973,6246,6131,6125
641.4,5981,6248,6137,6130
641.9,5990,6251,6142,6136
642.4,5997,6254,6147,6141
642.9,6006,6257,6152,6147
643.4,6015,6260,6157,6152
643.9,6021,6265,6162,6158
644.4,6025,6271,6169,6164
644.9,6032,6277,6174,6169
645.4,6041,6283,6180,6175
645.9,6045,6289,6185,6180
646.4,6056,6294,6190,6185
646.9,6065,6298,6194,6190
647.4,6071,6300,6199,6195
647.9,6081,6303,6203,6200
648.4,6088,6307,6208,6204
648.9,6098,6309,6213,6209
649.4,6104,6313,6218,6214
649.9,6110,6318,6223,6219
650.4,6115,6323,6228,6224
650.9,6118,6330,6232,6229
651.4,6129,6334,6238,6234
651.9,6143,6336,6243,6239
652.4,6156,6339,6248,6245
652.9,6167,6342,6254,6250
653.4,6177,6344,6259,6255
653.9,6187,6349,6265,6261
654.4,6196,6354,6270,6266
654.9,6203,6358,6276,6272
655.4,6208,6365,6281,6277
655.9,6212,6370,6287,6282
656.4,6224,6373,6292,6289
656.9,6236,6375,6297,6295
657.4,6247,6378,6301,6301
657.9,6256,6380,6306,6308
658.4,6265,6384,6311,6314
658.9,6274,6388,6316,6320
659.4,6282,6393,6321,6327
659.9,6288,6399,6328,6333
660.4,6294,6406,6334,6339
660.9,6297,6416,6339,6346
661.4,6301,6423,6346,6352
661.9,6306,6430,6352,6358
662.4,6309,6440,6359,6364
662.9,6311,6450,6365,6370
663.4,6312,6462,6371,6376
663.9,6314,6475,6376,6382
664.4,6316,6491,6382,6388
664.9,6317,6509,6387,6394
665.4,6318,6523,6392,6400
665.9,6320,6539,6398,6406
666.4,6325,6546,6404,6412
666.9,6331,6554,6411,6418
667.4,6335,6561,6419,6425
667.9,6338,6567,6425,6431
668.4,6341,6577,6431,6438
668.9,6342,6586,6438,6444
669.4,6345,6596,6444,6450
669.9,6348,6606,6450,6457
670.4,6350,6617,6456,6463
670.9,6352,6628,6462,6470
671.4,6358,6636,6467,6476
671.9,6365,6643,6474,6482
672.4,6370,6648,6480,6488
672.9,6374,6654,6486,6495
673.4,6378,6657,6492,6501
673.9,6382,6665,6499,6507
674.4,6384,6676,6506,6514
674.9,6387,6688,6513,6520
675.4,6390,6700,6520,6526
675.9,6393,6707,6525,6533
676.4,6399,6713,6531,6539
676.9,6405,6718,6537,6544
677.4,6411,6723,6544,6550
677.9,6417,6728,6550,6556
678.4,6422,6733,6556,6562
678.9,6425,6738,6563,6568
679.4,6429,6745,6569,6573
679.9,6430,6754,6575,6579
680.4,6432,6766,6581,6585
680.9,6435,6772,6587,6591
681.4,6443,6777,6593,6597
681.9,6452,6785,6599,6603
682.4,6461,6789,6605,6609
682.9,6467,6798,6611,6615
683.4,6474,6805,6616,6621
683.9,6481,6813,6623,6627
684.4,6486,6820,6629,6633
684.9,6490,6825,6635,6639
685.4,6494,6832,6641,6645
685.9,6498,6842,6647,6652
686.4,6505,6849,6653,6658
686.9,6510,6853,6659,6664
687.4,6517,6859,6665,6670
687.9,6525,6864,6671,6676
688.4,6529,6870,6677,6682
688.9,6535,6878,6684,6688
689.4,6541,6885,6689,6694
689.9,6545,6891,6696,6701
690.4,6549,6896,6702,6707
690.9,6553,6901,6708,6713
691.4,6562,6905,6713,6719
691.9,6570,6913,6718,6725
692.4,6578,6921,6725,6731
692.9,6583,6929,6731,6737
693.4,6593,6939,6737,6743
693.9,6600,6949,6744,6749
694.4,6605,6959,6750,6755
694.9,6614,6972,6757,6761
695.4,6619,6980,6763,6767
695.9,6623,6991,6769,6773
696.4,6631,6999,6775,6779
696.9,6643,7004,6781,6785
697.4,6654,7009,6786,6791
697.9,6660,7017,6791,6797
698.4,6669,7026,6796,6802
698.9,6676,7034,6802,6808
699.4,6686,7047,6807,6814
699.9,6690,7052,6813,6820
700.4,6696,7059,6819,6826
700.9,6702,7069,6825,6832
701.4,6714,7081,6832,6840
701.9,6726,7085,6840,6849
702.4,6739,7099,6848,6857
702.9,6749,7108,6857,6866
703.4,6755,7120,6867,6874
703.9,6763,7130,6875,6883
704.2,6767,7134,6879,6888
704.7,6772,7140,6887,6897
705.2,6776,7147,6895,6905
705.7,6779,7151,6903,6914
706.2,6787,7156,6913,6924
706.7,6799,7166,6925,6935
707.2,6810,7172,6938,6947
707.7,6818,7179,6950,6958
708.2,6823,7187,6962,6970
708.7,6829,7196,6973,6981
709.2,6836,7204,6985,6992
709.7,6840,7217,6995,7004
710.2,6845,7230,7005,7015
710.7,6849,7245,7016,7027
711.2,6858,7259,7027,7038
711.7,6872,7262,7040,7051
712.2,6884,7268,7057,7063
712.7,6895,7277,7071,7075
713.2,6905,7286,7085,7087
713.7,6912,7294,7097,7099
714.2,6920,7304,7110,7111
714.7,6927,7317,7122,7123
715.2,6934,7331,7135,7135
715.7,6939,7351,7146,7147
716.2,6952,7364,7158,7160
716.7,6968,7370,7170,7172
717.2,6983,7378,7183,7185
717.7,6998,7386,7200,7198
718.2,7006,7395,7215,7211
718.7,7012,7403,7233,7224
719.2,7020,7409,7250,7237
719.7,7025,7418,7266,7250
720.2,7031,7430,7284,7263
720.7,7038,7444,7301,7276
721.2,7044,7455,7311,7286
721.7,7053,7457,7315,7291
722.2,7062,7460,7319,7296
722.7,7070,7464,7324,7302
723.2,7078,7467,7328,7307
723.7,7087,7470,7333,7312
724.2,7092,7475,7337,7317
724.7,7099,7478,7340,7322
725.2,7106,7483,7344,7327
725.7,7111,7489,7348,7333
726.7,7128,7496,7357,7342
727.2,7137,7499,7361,7347
727.7,7143,7505,7365,7351
728.1,7148,7508,7369,7355
728.6,7154,7513,7372,7360
729.1,7161,7517,7377,7365
729.6,7164,7524,7381,7369
730.1,7171,7529,7384,7374
730.6,7177,7534,7387,7378
731.1,7181,7538,7392,7383
731.6,7191,7543,7396,7388
732.1,7200,7546,7400,7393
732.6,7210,7548,7404,7398
733.1,7222,7555,7408,7403
733.6,7230,7560,7412,7408
734.1,7236,7565,7417,7412
734.6,7245,7570,7421,7417
735.1,7251,7576,7426,7422
735.6,7257,7584,7431,7427
736.1,7264,7590,7435,7432
736.6,7274,7594,7439,7437
737.1,7285,7597,7443,7442
737.6,7295,7599,7448,7447
738.1,7303,7604,7452,7452
738.6,7311,7608,7457,7456
739.1,7319,7612,7461,7461
739.6,7329,7616,7466,7466
740.1,7335,7620,7471,7471
740.6,7341,7628,7475,7476
741.1,7350,7631,7480,7481
741.6,7364,7635,7484,7486
742.1,7375,7640,7488,7490
742.6,7387,7643,7492,7495
743.1,7397,7647,7498,7500
743.6,7406,7650,7503,7505
744.1,7415,7654,7508,7510
744.6,7422,7658,7515,7514
745.1,7427,7663,7524,7519
745.6,7433,7668,7531,7524
746.1,7440,7675,7537,7530
746.6,7451,7690,7548,7543
747.1,7457,7705,7559,7556
747.6,7462,7727,7567,7569
748.1,7465,7758,7578,7582
748.6,7469,7786,7588,7595
749.1,7472,7816,7598,7608
749.6,7475,7849,7608,7622
750.1,7477,7886,7618,7635
750.6,7480,7922,7629,7648
751.1,7484,7955,7641,7660
751.6,7494,7960,7653,7672
752.1,7504,7975,7666,7685
752.6,7512,7987,7678,7697
753.1,7519,7998,7690,7709
753.6,7525,8015,7702,7721
754.1,7530,8034,7714,7733
754.6,7534,8060,7726,7745
755.1,7539,8082,7737,7757
755.6,7545,8102,7749,7769
756.1,7551,8118,7761,7781
756.6,7563,8132,7774,7794
757.1,7575,8144,7786,7807
757.6,7584,8158,7798,7819
758.1,7592,8168,7811,7832
758.6,7599,8182,7825,7845
759.1,7608,8194,7839,7858
759.6,7617,8212,7852,7871
760.1,7621,8231,7865,7883
760.6,7626,8253,7878,7896
761.1,7634,8270,7890,7909
761.6,7650,8282,7902,7921
762.1,7660,8291,7914,7933
762.6,7672,8303,7926,7944
763.1,7683,8314,7938,7956
763.6,7689,8329,7952,7968
764.1,7696,8346,7963,7980
764.6,7707,8363,7974,7992
765.1,7713,8383,7985,8004
765.6,7717,8408,7997,8016
766.1,7724,8425,8008,8028
766.6,7738,8432,8020,8040
767.1,7752,8443,8032,8052
767.6,7760,8455,8045,8064
768.1,7769,8468,8059,8076
768.6,7779,8476,8070,8088
769.1,7786,8496,8084,8100
769.6,7797,8508,8096,8113
770,7806,8522,8106,8122
770.00002,7806,8522,8106,8122
770.1,7806,8522,8106,8122
770.6,7806,8522,8106,8122
771.1,7806,8522,8106,8122
771.6,7806,8522,8106,8122
772.1,7806,8522,8106,8122
772.6,7806,8522,8106,8122
773.1,7806,8522,8106,8122
773.6,7806,8522,8106,8122
774.1,7806,8522,8106,8122
774.6,7806,8522,8106,8122
775.1,7806,8522,8106,8122
775.6,7806,8522,8106,8122
776.1,7806,8522,8106,8122
776.6,7806,8522,8106,8122
777.1,7806,8522,8106,8122
777.6,7806,8522,8106,8122
778.1,7806,8522,8106,8122
778.6,7806,8522,8106,8122
779.1,7806,8522,8106,8122
779.6,7806,8522,8106,8122
780,7806,8522,8106,8122
780.00002,7806,8522,8106,8122
780.1,7808,8525,8108,8125
780.6,7815,8536,8121,8137
781.1,7821,8555,8134,8149
781.6,7838,8566,8148,8162
782.1,7852,8577,8161,8176
782.6,7865,8587,8173,8189
783.1,7877,8601,8186,8202
783.6,7887,8617,8199,8215
784,7892,8621,8209,8226
784.00002,7892,8621,8209,8226
784.1,7892,8621,8209,8226
784.6,7892,8621,8209,8226
785.1,7892,8621,8209,8226
785.6,7892,8621,8209,8226
786.1,7892,8621,8209,8226
786.6,7892,8621,8209,8226
787.1,7892,8621,8209,8226
787.6,7892,8621,8209,8226
788.1,7892,8621,8209,8226
788.6,7892,8621,8209,8226
789.1,7892,8621,8209,8226
789.6,7892,8621,8209,8226
790.1,7892,8621,8209,8226
790.6,7892,8621,8209,8226
791.1,7892,8621,8209,8226
791.6,7892,8621,8209,8226
792.1,7892,8621,8209,8226
792.6,7892,8621,8209,8226
793.1,7892,8621,8209,8226
793.6,7892,8621,8209,8226
794,7892,8621,8209,8226
794.00002,7892,8621,8209,8226
794.1,7894,8622,8211,8228
794.6,7905,8640,8224,8242
795.1,7917,8661,8238,8255
795.6,7923,8681,8252,8268
796.1,7932,8697,8267,8281
796.6,7948,8707,8279,8294
797.1,7965,8713,8291,8306
797.6,7978,8726,8305,8319
798.1,7988,8740,8317,8332
798.6,8002,8757,8331,8344
799.1,8015,8777,8345,8357
799.6,8024,8800,8357,8370
800.1,8030,8822,8367,8382
800.6,8037,8840,8380,8395
801.1,8047,8855,8394,8408
801.6,8070,8873,8406,8420
802.1,8088,8876,8419,8433
802.6,8100,8890,8433,8445
803.1,8115,8904,8445,8458
803.6,8128,8912,8458,8470
804.1,8141,8920,8472,8483
804.6,8147,8939,8486,8495
805.1,8157,8952,8497,8508
805.6,8165,8970,8510,8520
806.1,8175,8996,8521,8533
806.6,8198,9008,8533,8545
807.1,8212,9013,8546,8557
807.6,8228,9022,8561,8569
808.1,8243,9033,8573,8582
808.6,8258,9043,8585,8594
809.1,8270,9058,8598,8606
809.6,8278,9068,8612,8619
810.1,8285,9085,8623,8631
810.6,8292,9106,8635,8643
811.1,8302,9122,8649,8655
811.6,8320,9134,8665,8668
812.1,8334,9145,8679,8681
812.6,8349,9155,8693,8693
813.1,8362,9171,8707,8706
813.6,8375,9180,8719,8718
814.1,8386,9195,8731,8731
814.6,8399,9211,8744,8743
815.1,8411,9227,8759,8756
815.4,8414,9240,8767,8763
815.9,8420,9263,8781,8776
816.4,8439,9272,8796,8788
816.9,8459,9280,8808,8801
817.4,8479,9294,8822,8814
817.9,8494,9301,8836,8827
818.4,8508,9314,8850,8840
818.9,8523,9330,8864,8853
819.4,8537,9354,8881,8866
819.9,8548,9366,8897,8879
820.4,8557,9378,8913,8892
820.9,8568,9398,8926,8905
821.4,8658,9414,8986,8968
821.9,8774,9433,9057,9043
822.4,8884,9449,9128,9118
822.9,8992,9467,9198,9192
823.4,9098,9489,9268,9267
823.9,9196,9525,9340,9342
824.4,9286,9571,9413,9417
824.9,9365,9649,9485,9492
825.4,9433,9735,9556,9567
825.9,9484,9841,9631,9641
826.4,9510,9893,9676,9683
826.9,9527,9937,9712,9717
827.4,9542,9985,9741,9750
827.9,9555,10034,9768,9784
828.4,9568,10088,9797,9817
828.9,9578,10147,9826,9851
829.4,9585,10210,9857,9884
829.9,9593,10273,9889,9918
830.4,9599,10348,9916,9951
830.9,9606,10425,9941,9985
831.4,9619,10450,9954,9999
831.9,9627,10460,9962,10009
832.4,9633,10472,9968,10019
832.9,9639,10490,9977,10029
833.4,9646,10506,9985,10039
833.9,9652,10525,9993,10049
834.4,9655,10545,10003,10059
834.9,9660,10569,10015,10068
835.4,9664,10589,10024,10078
835.9,9668,10607,10035,10088
836.4,9679,10622,10046,10099
836.9,9690,10638,10056,10109
837.4,9698,10647,10066,10119
837.9,9705,10662,10077,10130
838.4,9714,10679,10085,10140
838.9,9720,10696,10094,10151
839.4,9726,10713,10106,10161
839.9,9732,10735,10115,10171